nombre	clase	etiqueta	tipo	grupo	perfil	orden	estado_libro	estado_revista	modo	apertura	cierre
codigo-linea	codigo	Código en línea	linea	comun		10	liberado	liberado	codigo	`	`
source-quote	source	Cita de fuente primaria	bloque	comun		10	borrador	borrador	envolver	::: {.source archivo=""}	:::
codigo	codigo	Código	bloque	comun		20	liberado	liberado	codigo	~~~	~~~
listado	listado	Listado de código	bloque	comun		25	liberado	liberado	codigo	::: {.listado #lst-}	:::
epigraph	epigraph	Epígrafe	bloque	comun		30	liberado	liberado	dos-partes	::: epigraph	:::
case-study	case	Estudio de caso	bloque	comun		40	borrador	borrador	envolver	::: {.case id=""}	:::
figure	fig	Figura	bloque	comun		50	liberado	liberado	figura	::: {.fig #fig-id}	:::
fig-fullwidth	fig	Figura ancho total	bloque	comun		60	no_aplica	liberado	figura	::: {.fig #fig-id .fullwidth}	:::
glossary	glossary	Glosario	bloque	comun		70	borrador	borrador	envolver	::: {.glossary term=""}	:::
supplementary	supplementary	Material suplementario	bloque	comun		80	borrador	borrador	envolver	::: {.supplementary #supp-id}	:::
table-wrap	table	Tabla	bloque	comun		100	borrador	borrador	envolver	::: {.table #tbl-id}	:::
table-fullwidth	table	Tabla ancho total	bloque	comun		110	no_aplica	borrador	envolver	::: {.table #tbl-id .fullwidth}	:::
table-landscape	table	Tabla apaisada	bloque	comun		120	borrador	borrador	envolver	::: {.table #tbl-id .landscape}	:::
verse	verse	Verso	bloque	comun		130	borrador	borrador	envolver	::: verse	:::
froufrou	froufrou	Froufrou (separador)	bloque	comun		140	liberado	no_aplica	separador	::: froufrou	:::
recuadro	recuadro	Recuadro	bloque	comun		150	liberado	liberado	envolver	::: recuadro	:::
recuadro-ancho	recuadro	Recuadro de ancho completo	bloque	comun		160	no_aplica	borrador	envolver	::: {.recuadro .fullwidth}	:::
recuadrob	recuadrob	Recuadro con barra	bloque	comun		170	liberado	liberado	dos-partes	::: recuadrob	:::
recuadrob-ancho	recuadrob	Recuadro con barra de ancho completo	bloque	comun		180	no_aplica	borrador	dos-partes	::: {.recuadrob .fullwidth}	:::
sec-acknowledgments	acknowledgments	Agradecimientos	bloque	estructura		10	no_aplica	borrador	envolver	::: {.acknowledgments}	:::
sec-appendix	appendix	Apéndice	bloque	estructura		20	no_aplica	borrador	envolver	::: {.appendix}	:::
sec-review-article	review-article	Artículo de revisión	bloque	estructura		30	no_aplica	borrador	envolver	::: {.review-article}	:::
sec-conclusions	conclusions	Conclusiones	bloque	estructura		40	no_aplica	borrador	envolver	::: {.conclusions}	:::
sec-conflict-of-interest	conflict-of-interest	Conflicto de intereses	bloque	estructura		50	no_aplica	borrador	envolver	::: {.conflict-of-interest}	:::
sec-correspondence	correspondence	Correspondencia	bloque	estructura		60	no_aplica	borrador	envolver	::: {.correspondence}	:::
sec-oration	oration	Discurso/Ponencia	bloque	estructura		70	no_aplica	borrador	envolver	::: {.oration}	:::
sec-discussion	discussion	Discusión	bloque	estructura		80	no_aplica	borrador	envolver	::: {.discussion}	:::
sec-editorial	editorial	Editorial	bloque	estructura		90	no_aplica	borrador	envolver	::: {.editorial}	:::
sec-correction	correction	Fe de erratas	bloque	estructura		100	no_aplica	borrador	envolver	::: {.correction}	:::
sec-intro	intro	Introducción	bloque	estructura		110	no_aplica	borrador	envolver	::: {.intro}	:::
sec-methods	methods	Materiales y métodos	bloque	estructura		120	no_aplica	borrador	envolver	::: {.methods}	:::
sec-obituary	obituary	Necrológica	bloque	estructura		130	no_aplica	borrador	envolver	::: {.obituary}	:::
sec-case-report	case-report	Reporte de caso	bloque	estructura		140	no_aplica	borrador	envolver	::: {.case-report}	:::
sec-book-review	book-review	Reseña de libro	bloque	estructura		150	no_aplica	borrador	envolver	::: {.book-review}	:::
sec-results	results	Resultados	bloque	estructura		160	no_aplica	borrador	envolver	::: {.results}	:::
sec-abstract	abstract	Resumen estructurado	bloque	estructura		170	no_aplica	borrador	envolver	::: {.abstract}	:::
sec-retraction	retraction	Retractación	bloque	estructura		180	no_aplica	borrador	envolver	::: {.retraction}	:::
speech	speech	Entrevista/Discurso/Diálogo	bloque	disciplinar	ciencias_sociales	10	borrador	borrador	envolver	::: {.speech speaker=""}	:::
field-note	fieldnote	Nota de campo	bloque	disciplinar	ciencias_sociales	20	borrador	borrador	envolver	::: {.fieldnote date=""}	:::
apparatus	apparatus	Aparato crítico	bloque	disciplinar	filologia	10	borrador	borrador	envolver	::: apparatus	:::
ling-example	ling-example	Ejemplo lingüístico	bloque	disciplinar	filologia	20	borrador	borrador	envolver	::: ling-example	:::
etymology	etymology	Etimología	linea	disciplinar	filologia	30	borrador	borrador	envolver	[	]{.etymology}
primary-source	primary-source	Fuente primaria	bloque	disciplinar	filologia	40	borrador	borrador	envolver	::: primary-source	:::
gloss	gloss	Glosa	linea	disciplinar	filologia	50	borrador	borrador	envolver	[	]{.gloss}
interlinear	interlinear	Glosa interlineal	bloque	disciplinar	filologia	60	borrador	borrador	envolver	::: interlinear	:::
siglum	siglum	Sigla	bloque	disciplinar	filologia	70	borrador	borrador	plantilla	::: siglum	:::
stemma	stemma	Stemma codicum	bloque	disciplinar	filologia	80	borrador	borrador	envolver	::: stemma	:::
reconstructed	reconstructed	Texto reconstruido	linea	disciplinar	filologia	90	borrador	borrador	envolver	[	]{.reconstructed}
paleographic	paleographic	Transcripción paleográfica	bloque	disciplinar	filologia	100	borrador	borrador	envolver	::: paleographic	:::
variant	variant	Variante textual	linea	disciplinar	filologia	110	borrador	borrador	envolver	[	]{.variant}
apparatus-physics	apparatus-physics	Aparato experimental	bloque	disciplinar	fisica	10	no_aplica	borrador	envolver	::: apparatus-physics	:::
measurement	measurement	Medición	linea	disciplinar	fisica	20	borrador	borrador	envolver	[	]{.measurement}
axiom	axiom	Axioma	bloque	disciplinar	matematicas	10	borrador	borrador	envolver	::: axiom	:::
corollary	corollary	Corolario	bloque	disciplinar	matematicas	20	borrador	borrador	envolver	::: corollary	:::
definition	definition	Definición	bloque	disciplinar	matematicas	30	borrador	borrador	envolver	::: definition	:::
proof	proof	Demostración	bloque	disciplinar	matematicas	40	borrador	borrador	envolver	::: proof	:::
numbered-equation	numbered-equation	Ecuación numerada	bloque	disciplinar	matematicas	50	borrador	borrador	envolver	::: numbered-equation	:::
math-example	math-example	Ejemplo matemático	bloque	disciplinar	matematicas	60	borrador	borrador	envolver	::: math-example	:::
disp-formula	formula	Fórmula matemática	bloque	disciplinar	matematicas	70	borrador	borrador	envolver	::: {.formula #eq-id}	:::
lemma	lemma	Lema	bloque	disciplinar	matematicas	80	borrador	borrador	envolver	::: lemma	:::
notation	notation	Notación	bloque	disciplinar	matematicas	90	borrador	borrador	envolver	::: notation	:::
problem	problem	Problema	bloque	disciplinar	matematicas	100	borrador	borrador	envolver	::: problem	:::
proposition	proposition	Proposición	bloque	disciplinar	matematicas	110	borrador	borrador	envolver	::: proposition	:::
solution	solution	Solución	bloque	disciplinar	matematicas	120	borrador	borrador	envolver	::: solution	:::
theorem	theorem	Teorema	bloque	disciplinar	matematicas	130	borrador	borrador	envolver	::: theorem	:::
ethics-approval	ethics-approval	Aprobación ética	bloque	disciplinar	medicina	10	no_aplica	borrador	envolver	::: ethics-approval	:::
patient-data	patient-data	Datos de paciente	bloque	disciplinar	medicina	20	no_aplica	borrador	envolver	::: patient-data	:::
consent-statement	consent-statement	Declaración de consentimiento	bloque	disciplinar	medicina	30	no_aplica	borrador	envolver	::: consent-statement	:::
diagnosis	diagnosis	Diagnóstico	linea	disciplinar	medicina	40	no_aplica	borrador	envolver	[	]{.diagnosis}
dosage	dosage	Dosis farmacológica	bloque	disciplinar	medicina	50	no_aplica	borrador	envolver	::: dosage	:::
clinical-trial	clinical-trial	Ensayo clínico	bloque	disciplinar	medicina	60	no_aplica	borrador	envolver	::: clinical-trial	:::
adverse-event	adverse-event	Evento adverso	bloque	disciplinar	medicina	70	no_aplica	borrador	envolver	::: adverse-event	:::
surgical-procedure	surgical-procedure	Procedimiento quirúrgico	bloque	disciplinar	medicina	80	no_aplica	borrador	envolver	::: surgical-procedure	:::
lab-result	lab-result	Resultado de laboratorio	bloque	disciplinar	medicina	90	no_aplica	borrador	envolver	::: lab-result	:::
crystal-data	crystal-data	Datos cristalográficos	bloque	disciplinar	quimica	10	no_aplica	borrador	envolver	::: crystal-data	:::
spectral-data	spectral-data	Datos espectroscópicos	bloque	disciplinar	quimica	20	no_aplica	borrador	envolver	::: spectral-data	:::
chem-equation	chem-equation	Ecuación química	bloque	disciplinar	quimica	30	borrador	borrador	envolver	::: chem-equation	:::
reaction-scheme	reaction-scheme	Esquema de reacción	bloque	disciplinar	quimica	40	borrador	borrador	envolver	::: reaction-scheme	:::
synthesis-scheme	synthesis-scheme	Esquema de síntesis	bloque	disciplinar	quimica	50	borrador	borrador	envolver	::: {.synthesis-scheme #scheme-id}	:::
chem-struct	chem-struct	Estructura química	linea	disciplinar	quimica	60	borrador	borrador	envolver	[	]{.chem-struct}
reaction-mechanism	reaction-mechanism	Mecanismo de reacción	bloque	disciplinar	quimica	70	borrador	borrador	envolver	::: reaction-mechanism	:::
spectral-mention	spectral-mention	Mención espectroscópica	linea	disciplinar	quimica	80	no_aplica	borrador	envolver	[	]{.spectral-mention}
experimental-procedure	experimental-procedure	Procedimiento experimental	bloque	disciplinar	quimica	90	borrador	borrador	envolver	::: experimental-procedure	:::
espaciov	espaciov	Espacio vertical (PDF)	bloque	composicion		10	liberado	liberado	separador-valor	::: espaciov	:::
